{
  "name": "siyuan-sireader",
  "author": "mm-o",
  "url": "https://github.com/mm-o/siyuan-sireader",
  "version": "0.8.5",
  "minAppVersion": "2.10.14",
  "disabledInPublish": true,
  "backends": [
    "all"
  ],
  "frontends": [
    "all"
  ],
  "displayName": {
    "default": "SiReader",
    "en_US": "SiReader",
    "zh_CN": "思阅"
  },
  "description": {
    "default": "专业电子书阅读器，支持 PDF/EPUB/MOBI/TXT/在线小说等格式，智能标注笔记、书签管理、词典卡包、多书源搜索、多主题切换",
    "en_US": "Professional eBook reader supporting PDF/EPUB/MOBI/TXT/online novels and more formats with smart annotations, bookmarks, dictionary cards, book sources, and themes",
    "zh_CN": "专业电子书阅读器，支持 PDF/EPUB/MOBI/TXT/在线小说等格式，智能标注笔记、书签管理、词典卡包、多书源搜索、多主题切换"
  },
  "readme": {
    "default": "README.md",
    "en_US": "README.md",
    "zh_CN": "README_zh_CN.md"
  },
  "funding": {
    "custom": [
      "https://745201.xyz/pay.jpg"
    ]
  },
  "keywords": [
    "阅读", "reading", "电子书", "ebook", 
    "pdf", "epub", "mobi", "txt", "azw3", "fb2", "cbz",
    "sireader", "思阅", 
    "标注", "annotation", "笔记", "note", "书签", "bookmark",
    "词典", "dictionary", "卡包", "card deck",
    "书源", "book source", "在线小说", "online novel",
    "主题", "theme"
  ]
}

