{
  "name": "siyuan-sireader",
  "author": "mm-o",
  "url": "https://github.com/mm-o/siyuan-sireader",
  "version": "0.5.1",
  "minAppVersion": "2.10.14",
  "disabledInPublish": true,
  "backends": [
    "all"
  ],
  "frontends": [
    "all"
  ],
  "displayName": {
    "default": "SiReader",
    "en_US": "SiReader",
    "zh_CN": "思阅"
  },
  "description": {
    "default": "思源笔记电子书阅读增强插件，支持智能标注、多主题切换、词典查询",
    "en_US": "Enhanced eBook reading plugin for SiYuan with smart annotations, themes, and dictionary",
    "zh_CN": "思源笔记电子书阅读增强插件，支持智能标注、多主题切换、词典查询"
  },
  "readme": {
    "default": "README.md",
    "en_US": "README.md",
    "zh_CN": "README_zh_CN.md"
  },
  "funding": {
    "custom": []
  },
  "keywords": ["阅读", "reading", "电子书", "ebook", "epub", "sireader", "思阅"]
}
